EID	Name	Position	Short bio	Education	Past experience	D ONE project experience	Certifications	Conferences	Technical expertise	Capacity
APO	Andrei Popescu	Associate Consultant	Andrei Popescu holds an M.Sc. in Robotics and a B.Sc. in Mechanical Engineering from the Polytechnic University of Bucharest. Before joining D ONE, Andrei worked as a Robotics Engineer at KUKA for 2 years, mainly in projects around automation in manufacturing. His areas of expertise are data engineering and data science. Andrei has been with the team since 2024.	MSc in Robotics (Polytechnic University of Bucharest), BSc in Mechanical Engineering (Polytechnic University of Bucharest)	Developed automation algorithms for robotic arms in manufacturing at KUKA. Implemented machine learning models to optimize production line efficiency. Engineered data pipelines for real-time manufacturing analytics using Python.		Databricks Certified Data Engineer Associate		Python, Robot Operating System (ROS), TensorFlow, Scikit-learn, Pandas, NumPy, Apache Kafka, SQL, ETL (Extract, Transform, Load) Tools	0
SKO	Svenja Koch	Associate Consultant	Svenja Koch holds an M.Sc. in Environmental Science and a B.Sc. in Geology from the University of Freiburg. Before joining D ONE, Svenja worked as a Geospatial Analyst at an environmental consultancy in Germany for 5 years, mainly in projects around natural resource management. Her areas of expertise are data engineering and data science. Svenja has been with the team since 2022.	MSc in Environmental Science (University of Freiburg), BSc in Geology (University of Freiburg)	Developed predictive models to optimize resource allocation in environmental projects. Utilized geospatial data analysis to identify patterns in natural resource distribution. Integrated remote sensing data with GIS for comprehensive environmental impact assessments. Implemented decision trees to streamline environmental risk assessment processes. Leveraged machine learning algorithms to forecast environmental changes and their impacts.	Developed data-driven pricing models for real estate market analysis. Implemented predictive analytics to forecast property market trends accurately. Integrated geospatial data for location-based real estate insights and visualization. Utilized machine learning algorithms for property valuation and investment analysis. Created interactive dashboards for real-time property market monitoring and reporting. Employed natural language processing to analyze real estate market sentiment.	Microsoft Certified: Power BI Data Analyst Associate, Databricks Certified Machine Learning Associate, Tableau Desktop Certified Associate		Python, R, QGIS, ArcGIS, H2O.ai, GDAL, PostGIS, TensorFlow, PyTorch, SQL, Apache Hadoop, Apache Spark, FME, ERDAS IMAGINE, ENVI	20
NDU	Nathan Dubois	Associate Consultant	Nathan Dubois holds an M.Sc. in Software Engineering and a B.Sc. in Information Technology. Before joining D ONE, Nathan worked as a Cloud Solutions Architect at Google Cloud for 4 years, mainly in projects around cloud infrastructure. His areas of expertise are data engineering and data science. Nathan has been with the team since 2024.	MSc in Software Engineering (École Polytechnique Fédérale de Lausanne - EPFL), BSc in Information Technology (Université de Lausanne)	Designed and implemented scalable data pipelines using Google Cloud Dataflow. Built microservices architecture for data processing using Google Kubernetes Engine. Integrated Google Cloud Functions for serverless data processing tasks. Leveraged Google BigQuery for advanced data analytics and querying. Developed custom machine learning models using Google Cloud AI Platform.	Designed data pipelines using AWS Glue for automated data ingestion. Utilized Azure Data Factory for ETL (Extract, Transform, Load) operations.	Microsoft Certified: Azure Data Engineer Associate, Microsoft Certified: Azure Data Fundamentals, Microsoft Certified: Azure Solutions Architect Expert		Google App Engine, Terraform, Ansible, MongoDB, Couchbase, Neo4j, Google Cloud Pub/Sub, Google Cloud Storage, Google Cloud Spanner, Prometheus, Apache Beam, Google Cloud Composer, Vault by HashiCorp, Jenkins, Google Cloud Endpoints	20
IRO	Isabella Rossi	Senior Consultant	Isabella Rossi holds an M.Sc. in Business Management and a B.Sc. in International Business from Bocconi University. Before joining D ONE, Isabella worked as a Management Consultant at McKinsey & Company for 4 years, mainly in projects around strategy and operations. Her areas of expertise are data engineering and data science. Isabella has been with the team since 2018.	MSc in Business Management (Bocconi University), BSc in International Business (Bocconi University)	Orchestrated the integration of cloud-based data warehouses using Amazon Redshift to enhance operational analytics for corporate clients. Developed a machine learning-driven dashboard on Google Cloud Platform to visualize real-time KPIs and drive strategic decision-making. Implemented an Apache Kafka and Apache Airflow based system for real-time data ingestion and processing, improving efficiency in supply chain management. Engineered a predictive model for market trend analysis using Python and Scikit-learn, deployed on Azure to support international business expansion strategies. Designed a RESTful API to allow seamless data exchange between business intelligence tools and the operational databases, facilitating faster response times in market analytics.	Developed blockchain-based transaction system for secure banking operations on Azure. Implemented AI-driven drug discovery platform using AWS SageMaker for pharma. Engineered IoT data integration for predictive maintenance in construction on GCP.	Microsoft Certified: Azure Fundamentals, AWS Certified Developer - Associate, Snowflake: SnowPro Core Certification	GTC 2023	Amazon Redshift, Google Cloud Platform, Apache Kafka, Apache Airflow, Python, Scikit-learn, Azure, RESTful API, Blockchain, AWS SageMaker, IoT data integration, Google Cloud Platform (GCP), Azure Blockchain Service, Amazon Web Services (AWS), Snowflake Data Warehouse	20
MBA	Maximilian Bauer	Senior Consultant	Maximilian Bauer holds an M.Sc. in Computer Science and a B.Sc. in Information Systems. Before joining D ONE, Matteo worked as a Software Developer at UBS for 4 years, mainly in projects around financial analytics. His areas of expertise are data engineering and data science. Maximilian has been with the team since 2019.	MSc in Computer Science (ETH Zurich), BSc in Information Systems (Technical University of Munich)	Engineered distributed data processing pipelines using Apache Spark for scalability. Designed and implemented real-time analytics solutions with Apache Kafka. Developed microservices architecture using Spring Boot for RESTful APIs. Utilized PyTorch and spaCy for NLP-based sentiment analysis tasks.	Implemented CI/CD pipelines with Jenkins for automated testing and deployment. Utilized version control with Git and GitLab for code collaboration. Integrated Docker containers for application deployment and management. Applied Agile methodologies for iterative development and project management. Conducted code reviews and implemented code quality checks with SonarQube.	Professional Scrum Master™ I (PSM I), SAFe Product Owner/Product Manager, AWS Certified Solutions Architect – Associate, Docker Certified Associate, Databricks Certified Associate Developer for Apache Spark 3.0	SDS 2022, SDS 2023	Apache Flink, Microsoft Azure Functions, Apache Storm, Elasticsearch, Logstash, Kibana, Ansible, Puppet, Chef, Hadoop, Tableau, Qlik Sense, MongoDB, Cassandra, Neo4j, TensorFlow.js, Django, Flask, SQLAlchemy, Kubernetes, Helm, Prometheus	30
EJO	Elin Johansson	Associate Consultant	Elin Johansson holds an M.Sc. in Nutrition and a B.Sc. in Food Science from Lund University. Before joining D ONE, Elin worked as a Nutritional Analyst at Nestlé in Switzerland for 3 years, mainly in projects around health and wellness products. Her areas of expertise are data engineering and data science. Elin has been with the team since 2020.	MSc in Nutrition (Lund University), BSc in Food Science (Lund University) 	Orchestrated data ingestion and modeling for nutritional content analysis using Python. Developed predictive models to evaluate dietary impacts on consumer health. Implemented a machine learning platform to optimize food product formulations. Engineered data analytics tools to monitor and improve product quality in real-time. Designed a RESTful API for a wellness product's data integration on AWS.	Developed AI models for early detection of diseases in healthcare. Implemented predictive analytics for risk assessment in construction projects. Automated customer insights platform for personalized banking services. Engineered drug efficacy prediction systems for pharma clients. Optimized inventory management using machine learning in retail.	Dataiku ML Practitioner, TensorFlow Developer Certificate		Python, TensorFlow, Dataiku DSS, AWS, Scikit-learn, Pandas, NumPy, Flask	40
SOR	Siobhan O'Reilly	Consultant	Siobhan O'Reilly holds an M.Sc. in Genetic Epidemiology and a B.Sc. in Genetics from Trinity College Dublin. Before joining D ONE, Siobhan worked as a Research Scientist at Genomics Medicine Ireland for 5 years, mainly in projects around genetic research for disease prevention. Her areas of expertise are data engineering and data science. Siobhan has been with the team since 2018.	MSc in Genetic Epidemiology (Trinity College Dublin), BSc in Genetics (Trinity College Dublin)	Conducted genomic data analysis for personalized medicine initiatives. Developed algorithms for identifying genetic markers associated with disease risk. Utilized machine learning to predict disease susceptibility based on genotypic data. Integrated genomic and clinical data for population-scale health studies. Leveraged bioinformatics tools for variant annotation and interpretation. Collaborated on research projects exploring the genetic basis of complex diseases.	Built data pipelines for healthcare analytics using Apache Spark. Implemented predictive models for patient outcome forecasting with Python. Designed secure data storage solutions compliant with healthcare regulations. Developed custom analytics dashboards for pharmaceutical sales performance tracking.	Databricks Certified Associate Developer for Apache Spark 3.0, Professional Data Engineer, Microsoft Certified: Azure Data Engineer Associate, Tableau Desktop Certified Associate		R, Julia, Hadoop, GATK (Genome Analysis Toolkit), PLINK, BCFtools, TensorFlow, SciPy, NumPy, Pandas, Bioconductor, SAMtools, Docker, Kubernetes, Azure Blob Storage	50
SHU	Sofia Huber	Consultant	Sofia Huber holds an M.Sc. in Statistics and a B.Sc. in Applied Mathematics. Before joining D ONE, Sofia worked as a Research Assistant at ETH Zurich for 2 years, mainly in projects around healthcare analytics. Her areas of expertise are data engineering and data science. Sofia has been with the team since 2023.	MSc in Statistics (Ludwig Maximilian University of Munich), BSc in Applied Mathematics (Technical University of Munich)	Implemented predictive models for patient readmission risk using TensorFlow. Designed data pipelines for analyzing electronic health record (EHR) data. Developed anomaly detection algorithms for detecting healthcare fraud using Python.	Integrated wearable data with electronic health records for comprehensive analysis. Conducted A/B testing to optimize user engagement with wearable products.			R, SAS, Hadoop, Hive, PostgreSQL, MongoDB, Apache Cassandra, Keras, Flask, Jupyter, Matplotlib, Seaborn, Scikit-learn, Apache Beam, Elastic Stack	50
NAH	Noor Al-Hassan	Consultant	Noor Al-Hassan holds an M.Sc. in Public Health and a B.Sc. in Biology from the American University of Beirut. Before joining D ONE, Noor worked as a Health Data Analyst at the Ministry of Public Health in Lebanon for 2 years, mainly in projects around epidemiological studies. Her areas of expertise are data engineering and data science. Noor has been with the team since 2023.	MSc in Public Health (American University of Beirut), BSc in Biology (American University of Beirut)	Conducted sentiment analysis on public health data using Python's NLTK. Employed Tableau for interactive visualization of epidemiological study results.	Leveraged Databricks for scalable data processing and machine learning. Built real-time analytics pipelines for healthcare and insurance clients. Utilized Databricks Delta Lake for efficient data management and versioning.	Databricks Certified Associate Developer for Apache Spark 3.0, Databricks Certified Data Engineer Associate		Python, Pandas, Apache Spark MLlib, Apache Cassandra, Microsoft Power BI, R, Hadoop, MongoDB, Elasticsearch, Jupyter Notebook, SAS	50
HMA	Hugo Martin	Consultant	Hugo Martin holds an M.Sc. in Applied Statistics and a B.Sc. in Economics. Before joining D ONE, Hugo worked as an Economic Analyst at the State Secretariat for Economic Affairs for 3 years, mainly in projects around economic forecasting. His areas of expertise are data engineering and data science. Hugo has been with the team since 2020.	MSc in Applied Statistics (University of Oxford), BSc in Economics (London School of Economics and Political Science)	Developed economic forecasting models using Python and TensorFlow, deployed on AWS to enhance predictive accuracy. Orchestrated a large-scale data ingestion pipeline with Apache Kafka and Apache Airflow to analyze economic trends. Engineered a RESTful API for real-time economic data access, leveraging Google Cloud's Compute Engine and BigQuery. Implemented a machine learning system on Azure to predict inflation rates, improving forecast precision by 22%. Designed a dashboard for visualizing economic indicators in real-time using D3.js and cloud-based data warehousing.	Developed healthcare predictive analytics platform on AWS, improved patient diagnostics. Engineered real-time insurance claim validation using Azure Event Hubs. Implemented GDPR-compliant data storage solution on Google Cloud for banks. Automated pharmaceutical R&D data pipelines with Kubernetes and Apache Spark. Optimized retail demand forecasting using AI on IBM Cloud Pak.	AWS Certified Solutions Architect – Associate, AWS Certified Data Analytics Specialty		Python, TensorFlow, Apache Kafka, Apache Airflow, Google Cloud Compute Engine, Google Cloud BigQuery, Azure Machine Learning, JavaScript, D3.js, AWS	50
DVA	Dimitri Vasiliev	Consultant	Dimitri Vasiliev holds an M.Sc. in Quantum Information Systems and a B.Sc. in Applied Physics from the Moscow Institute of Physics and Technology. Before joining D ONE, Dimitri worked as a Research Assistant at the Russian Quantum Center for 3 years, mainly in projects around quantum computing applications. His areas of expertise are data engineering and data science. Dimitri has been with the team since 2024.	MSc in Quantum Information Systems (Moscow Institute of Physics and Technology), BSc in Applied Physics (Moscow Institute of Physics and Technology)  	Developed quantum algorithms for optimizing complex data models at the Russian Quantum Center. Engineered robust data pipelines to support quantum simulation projects using Airflow. Implemented predictive analytics for materials science research using quantum computing techniques. Orchestrated data ingestion and analysis for experimental quantum computing platforms.	Implemented real-time claims fraud detection for health insurance clients. 	Microsoft Certified: Azure Data Scientist Associate, Databricks Certified Data Engineer Associate, GCP Professional Data Engineer, AWS Certified Machine Learning – Specialty, Professional Data Engineer		Python, Apache Airflow, Qiskit, TensorFlow Quantum, Google Cirq, AWS Braket, Microsoft Azure Quantum, Scikit-learn, Pandas, NumPy	50
YNA	Yuki Nakamura	Consultant	Yuki Nakamura holds an M.Sc. in Life Sciences and a B.Sc. in Biology from the University of Tokyo. Before joining D ONE, Yuki worked as a Research Associate at Takeda Pharmaceuticals for 2 years, mainly in projects around drug discovery. Her areas of expertise are data engineering and data science. Yuki has been with the team since 2022.	MSc in Life Sciences (University of Tokyo), BSc in Biology (University of Tokyo)	Employed machine learning algorithms to predict drug-target interactions. Applied deep learning models to analyze molecular structures for drug discovery.	Leveraged machine learning for virtual screening of drug candidates. Utilized deep learning for predicting protein-ligand interactions in docking studies. Employed AI algorithms to identify potential biomarkers for disease diagnosis. Applied data-driven approaches to optimize lead compounds for efficacy. Implemented advanced analytics for patient stratification in clinical trials. Utilized genomic data analysis for personalized medicine in oncology.	Microsoft Certified: Power BI Data Analyst Associate, Tableau Desktop Certified Professional, Analyzing and Visualizing Data with Microsoft Power BI	BioTechX 2022	Python, TensorFlow, Keras, PyTorch, RDKit, BioPython, Scikit-learn, Pandas, NumPy, Docker, Apache Spark, H2O.ai	60
SFE	Seraina Fetz	Senior Consultant	Seraina Fetz holds an M.Sc. in Health Economics and a B.Sc. in Economics from the University of Zurich. Before joining D ONE, Seraina worked as an Economic Analyst at the World Health Organization for 4 years, mainly in projects around public health policy. Her areas of expertise are data engineering and data science. Seraina has been with the team since 2024.	MSc in Health Economics (University of Zurich), BSc in Economics (University of Zurich)	Integrated legacy data systems using SQL Server Integration Services. Developed data pipelines using traditional ETL tools like Informatica PowerCenter. Conducted statistical analysis using SPSS for public health policy evaluation. Utilized Excel VBA for automation in health economics research.	Implemented data transformations with dbt for banking client reporting. Leveraged dbt for healthcare data warehousing and analytics projects. Utilized dbt for insurance risk assessment and predictive modeling tasks.	Professional Data Engineer, Snowflake: SnowPro Core Certification, Certified Data Vault 2.0 Practitioner		SQL Server Integration Services (SSIS), Informatica PowerCenter, SPSS, Excel VBA, dbt (data build tool), Snowflake, Python, R	60
LZM	Leon Zimmermann	Associate Consultant	Leon Zimmermann holds an M.Sc. in Analytics and a B.Sc. in Physics. Before joining D ONE, Leon worked as a Consultant at PwC for 4 years, mainly in projects around financial services. His areas of expertise are data engineering and data science. Leon has been with the team since 2022.	MSc in Analytics (University of Mannheim), BSc in Physics (Technical University of Munich)	Designed and implemented predictive maintenance solution using Python and TensorFlow. Developed anomaly detection algorithm using unsupervised learning techniques with scikit-learn. Conducted customer segmentation analysis using k-means clustering and pandas. Built time-series forecasting model using Facebook Prophet and ARIMA. Automated data pipeline deployment with Terraform and Jenkins for CI/CD.	Implemented real-time fraud detection system using Python and Apache Kafka. Developed customer churn prediction model with R and TensorFlow.			Python, TensorFlow, scikit-learn, pandas, Apache Kafka,Terraform	60
JSM	John Smith	Consultant	John Smith holds an M.Sc. in Management Information Systems and a B.Sc. in Information Technology from the University of London. Before joining D ONE, John worked as a Project Manager at British Telecom for 4 years, mainly in projects around IT infrastructure. His areas of expertise are data engineering and data science. John has been with the team since 2018.	MSc in Management Information Systems (University of London), BSc in Information Technology (University of London)	Orchestrated the migration of IT infrastructure data to a hybrid cloud environment using Kubernetes for improved scalability and redundancy at British Telecom. Developed and implemented a RESTful API to enhance data accessibility and real-time analytics on Google Cloud Platform, significantly improving decision-making processes.	Engineered AI-driven predictive maintenance system for manufacturing plants on Azure. Implemented blockchain-based secure patient data exchange platform for healthcare. Developed real-time fraud detection algorithms for banking using AWS.	Microsoft Certified: Azure Fundamentals, Microsoft Certified: Azure Data Engineer Associate, Microsoft Certified: Azure Data Scientist Associate, Microsoft Certified: Azure Solutions Architect Expert		Kuberтetes, Google Cloud Platform (GCP), RESTful API, Azure, Blockchain, AWS (Amazon Web Services), Azure Machine Learning, Azure Blockchain Service	60
JMO	Julian Moreau	Associate Consultant	Julian Moreau holds an M.Sc. in Marketing Analytics and a B.Sc. in Marketing from HEC Paris. Before joining D ONE, Julian worked as a Marketing Analyst at L'Oréal for 3 years, mainly in projects around consumer behavior analysis. His areas of expertise are data engineering and data science. Julian has been with the team since 2023.	MSc in Marketing Analytics (HEC Paris), BSc in Marketing (HEC Paris) 	Engineered a real-time customer segmentation platform on AWS using Apache Kafka for consumer behavior analysis. Developed a RESTful API and Python module for personalized product recommendations on Google Cloud Platform, enhancing consumer engagement. Orchestrated the deployment of a scalable data pipeline on Azure using Apache Airflow for marketing campaign performance analytics.	Engineered AI-driven predictive maintenance solution for manufacturing on AWS. Implemented blockchain-based secure patient data exchange platform for healthcare. Developed real-time fraud detection algorithms for banking using Apache Kafka. Orchestrated IoT data integration for smart construction projects on Google Cloud.	AWS Certified Solutions Architect – Associate, GCP Professional Data Engineer		Apache Kafka, Python, Google Cloud Platform (GCP), AWS, Azure, Apache Airflow, FastAPI	60
CPE	Chloé Petit	Associate Consultant	Chloé holds an M.Sc. in Computational Biology and a B.Sc. in Biology. Before joining D ONE, Chloé worked as a Bioinformatician at Nestlé for 4 years, mainly in projects around nutrition. Her areas of expertise are data engineering and data science. Chloé has been with the team since 2021.	MSc in Computational Biology (Sorbonne University), BSc in Biology (University of Bordeaux)	Developed algorithms for genome data analysis to enhance nutritional genomics studies. Orchestrated large-scale data ingestion and modeling for microbiome research using Kubernetes. Implemented a predictive analytics model to assess dietary impact on health outcomes. Engineered a data processing pipeline for nutritional clinical trial data using Python. Prototyped a machine learning model to predict allergenic responses from food ingredients.	Implemented machine learning for personalized insurance premium calculation. Developed real-time credit scoring system using deep learning models. Enhanced customer loyalty programs with predictive analytics in retail. Automated financial compliance checks using AI for Swiss banks. Optimized stock management using IoT data in retail chains. Engineered robust fraud detection framework for online transaction security.	Microsoft Certified: Azure Data Scientist Associate, Databricks Certified Data Engineer Associate, GCP Associate Cloud Engineer		Python, Kubernetes, R, BioPython, Microsoft Azure, Databricks, TensorFlow, Pandas, NumPy, Scikit-learn, Jupyter Notebook, Seaborn, Docker	60
CBE	Camille Bernard	Associate Consultant	Camille Bernard holds an M.Sc. in Artificial Intelligence and a B.Sc. in Computer Science. Before joining D ONE, Camille worked as a Machine Learning Engineer at Logitech for 2 years, mainly in projects around smart devices. Her areas of expertise are data engineering and data science. Camille has been with the team since 2021.	MSc in Artificial Intelligence (Stanford University), BSc in Computer Science (Massachusetts Institute of Technology)	Developed a RESTful API and a Python module for smart device management on Google Cloud Platform. Increased accuracy for voice recognition in smart devices by 8%. Engineered data pipelines for IoT device analytics using Kubernetes and Airflow.	Implemented predictive analytics for customer retention in retail sector. Enhanced fraud detection algorithms for financial clients using deep learning. Developed risk management models for insurers using advanced data analytics.	Microsoft Certified: Azure Data Scientist Associate		Python, Google Cloud Platform (GCP), Kubernetes, Apache Airflow, TensorFlow, Scikit-learn, RESTful API development	60
YCH	Yi Chen	Managing Consultant	Yi Chen holds an M.Sc. in Financial Mathematics and a B.Sc. in Mathematics from Peking University. Before joining D ONE, Yi worked as a Quantitative Analyst at China Construction Bank for 3 years, mainly in projects around investment strategies. His areas of expertise are data engineering and data science. Yi has been with the team since 2020.	PhD in Financial Mathematics (Peking University), MSc in Financial Mathematics (Peking University), BSc in Mathematics (Peking University)	Developed algorithmic trading models using machine learning and time-series analysis. Applied sentiment analysis on financial news data for market prediction. Integrated alternative data sources for enhancing investment decision-making processes. Implemented portfolio optimization techniques for risk management and return maximization. Utilized reinforcement learning to automate trading strategies based on market signals. Conducted backtesting and performance evaluation of investment algorithms and strategies.	Developed algorithmic trading models using AWS EC2 instances. Integrated financial data feeds from Bloomberg Terminal and Refinitiv. Utilized AWS Redshift for high-performance data warehousing and analytics.	Leadership Toolkit for Managers, Microsoft Certified: Azure Data Engineer Associate, Dataiku ML Practitioner	SDS 2020, SDS 2021, SDS 2022, SDS 2023	Python, R, MATLAB, QuantLib, NumPy, pandas, scikit-learn, TensorFlow, PyTorch, Keras, Bloomberg API, Refinitiv Eikon API, AWS Lambda, AWS S3, Tableau, Apache Kafka, Apache Spark, Jupyter Notebooks, Apache Airflow, SQL, Docker	80
TSC	Tino Schlegel	Consultant	Tino Schlegel holds an M.Sc. in Operations Research and a B.Sc. in Industrial Engineering from the Technical University of Berlin. Before joining D ONE, Tino worked as an Operations Analyst at Zalando for 3 years, mainly in projects around logistics and supply chain management. His areas of expertise are data engineering and data science. Tino has been with the team since 2022.	MSc in Operations Research (Technical University of Berlin), BSc in Industrial Engineering (Technical University of Berlin)	Implemented demand forecasting models for optimizing inventory management in retail. Designed customer segmentation algorithms to enhance targeted marketing strategies. Conducted sentiment analysis on customer reviews to improve product recommendations. Developed recommendation systems for personalized product suggestions based on browsing history.	Implemented machine learning models for sales forecasting and inventory optimization. Conducted A/B tests to evaluate the effectiveness of pricing strategies. Developed recommendation systems for personalized product recommendations using collaborative filtering.	Professional Scrum Master™ I (PSM I), Databricks Certified Machine Learning Associate, Microsoft Certified: Azure Data Scientist Associate		Python, R, scikit-learn, Apache Kafka, SQL, TensorFlow, Pandas, PySpark, Azure Machine Learning, Tableau	80
TRO	Tobias Roth	Consultant	Tobias Roth holds an M.Sc. in Big Data and a B.Sc. in Software Engineering. Before joining D ONE, Tobias worked as a Big Data Engineer at Novartis for 3 years, mainly in projects around clinical data analysis. His areas of expertise are data engineering and data science. Tobias has been with the team since 2022.	MSc in Big Data (University of Applied Sciences and Arts Northwestern Switzerland), BSc in Software Engineering (University of Applied Sciences and Arts Northwestern Switzerland)	Spearheaded the development of early-stage drug discovery pipelines using ML. Designed and implemented algorithms for lead compound identification and prioritization. Led initiatives to optimize drug candidate selection using advanced analytics. Developed data-driven approaches for target identification and validation in drug development.	Engineered data pipelines for early detection of adverse drug reactions. Designed predictive models to identify biomarkers for disease progression. Developed machine learning algorithms for early diagnosis of rare diseases. Implemented real-time monitoring systems for patient health indicators. Collaborated with clinicians to validate and refine diagnostic algorithms.	Databricks Certified Machine Learning Associate, Microsoft Certified: Azure Data Scientist Associate		Python, Java, Apache Spark, Databricks, Hadoop, Azure ML Studio, Jenkins, Docker, Git, TensorFlow, Keras, Airflow	80
MBR	Martina Barone	Consultant	Martina Barone holds an M.Sc. in Bioinformatics and a B.Sc. in Computer Science from the University of Milan. Before joining D ONE, Martina worked as a Bioinformatics Analyst at the Italian Institute of Technology for 4 years, mainly in projects around genomics. Her areas of expertise are data engineering and data science. Martina has been with the team since 2019.	MSc in Bioinformatics (University of Milan), BSc in Computer Science (University of Milan)	Engineered genomic data pipelines using Nextflow and Docker containers. Developed a RESTful API using Flask for genomic data retrieval. Conducted variant analysis and genome-wide association studies using PLINK. Built interactive visualizations for genomic data exploration with R Shiny.	Engineered data pipelines with Apache Spark and Kafka for scalability. Developed RESTful APIs with Flask and microservices architecture. Implemented machine learning models with scikit-learn and TensorFlow.	Databricks Certified Associate Developer for Apache Spark 3.0, Professional Scrum Master™ I (PSM I)	SDS 2021, GTC 2023	Biopython, Hail, Bioconductor, Apache HBase, Google Kubernetes Engine, AWS Lambda, Apache Hive, Celery, RabbitMQ, Redis, GraphQL, FastAPI, Microsoft Power BI, Node.js, Grafana	80
LZI	Linards Zimmermann	Consultant	Linards Zimmermann holds an M.Sc. in Computational Science and a B.Sc. in Applied Mathematics from the Technical University of Munich. Before joining D ONE, Linards worked as a Software Engineer at SAP for 2 years, mainly in projects around business software solutions. His areas of expertise are data engineering and data science. Linards has been with the team since 2022.	MSc in Computational Science (Technical University of Munich), BSc in Applied Mathematics (Technical University of Munich)	Conducted sentiment analysis on customer reviews using Natural Language Toolkit (NLTK) in Python. Implemented time series forecasting models using Prophet library in Python.	Built a real-time fraud detection system using Apache Kafka and Python. Developed a predictive maintenance solution using TensorFlow and PyTorch. Implemented customer segmentation using scikit-learn and XGBoost in Python. Orchestrated data pipelines with Apache Airflow for healthcare data analysis. Conducted sentiment analysis on social media data using Spark and Python.	Databricks Certified Data Engineer Associate, Microsoft Certified: Azure Data Scientist Associate, Snowflake: SnowPro Core Certification		Python, NLTK (Natural Language Toolkit), Prophet, Apache Kafka, TensorFlow, PyTorch, scikit-learn, XGBoost, Apache Airflow, Git	80
LMU	Lukas Müller	Associate Consultant	Lukas Müller holds an M.Sc. in Data Science and a B.Sc. in Computer Science. Before joining D ONE, Lukas worked as a Data Analyst at Swisscom for 3 years, mainly in projects around telecommunications. His areas of expertise are data engineering and data science. Lukas has been with the team since 2021.	MSc in Data Science (ETH Zurich), BSc in Computer Science (University of Zurich)	Engineered data pipelines with Apache Spark and Apache Kafka. Developed a sentiment analysis model using PyTorch for customer feedback. Conducted predictive analytics using SAS for telecommunications service demand. Implemented customer churn prediction models using TensorFlow and Keras.	Leveraged Python and Pandas for healthcare data preprocessing and analysis. Utilized Apache Kafka and Spark for real-time data processing. Engineered data pipelines with Docker and Apache Airflow for insurance. Implemented machine learning models with scikit-learn for retail analytics.			Apache Spark, Apache Kafka, PyTorch, SAS, TensorFlow, Keras, Pandas, Apache Airflow	80
LFI	Laura Fischer	Consultant	Laura Fischer holds an M.Sc. in Information Technology and a B.Sc. in Physics. Before joining D ONE, Laura worked as a Research Scientist at IBM Research Zurich for 2 years, mainly in projects around quantum computing. Her areas of expertise are data engineering and data science. Laura has been with the team since 2021.	MSc in Information Technology (ETH Zurich), BSc in Physics (University of Zurich)	Conducted sentiment analysis on customer reviews using Python's NLTK and scikit-learn. Engineered anomaly detection system for network traffic using PyTorch.	Designed predictive maintenance system for mechanical engineering using Python and TensorFlow. Implemented customer segmentation solution for retail with Apache Spark and Scala. Engineered risk assessment model for insurance using R and scikit-learn. Developed healthcare analytics platform with Django and React.js.			Python, NLTK, scikit-learn, PyTorch, TensorFlow, Apache Spark, Scala, R, Django, React.js	80
KIV	Katarina Ivanović	Senior Consultant	Katarina Ivanović holds an M.Sc. in Urban Planning and a B.Sc. in Architecture from the University of Belgrade. Before joining D ONE, Katarina worked as a Spatial Analyst at a regional development agency in Serbia for 4 years, mainly in projects around urban regeneration. Her areas of expertise are data engineering and data science. Katarina has been with the team since 2019.	MSc in Urban Planning (University of Belgrade), BSc in Architecture (University of Belgrade)	Implemented spatial clustering analysis using Python's GeoPandas and Scikit-learn for urban regeneration projects. Developed a RESTful API and Python module for real-time urban development monitoring on Google Cloud Platform. Conducted spatial autocorrelation analysis on regional development data using PySAL and ArcGIS. Orchestrated the integration of geospatial data with demographic information using Kubernetes and Airflow for urban planning initiatives.	Engineered predictive analytics platform for healthcare using Python and TensorFlow. Developed fraud detection system for banking with Apache Spark and Scala. Implemented real-time inventory optimization solution for retail with Apache Kafka. Orchestrated IoT data integration for smart construction projects using Java. Prototyped drug efficacy prediction model for pharma using R.	Databricks Certified Associate Developer for Apache Spark 3.0, TensorFlow Developer Certificate, GCP Professional Data Engineer, Databricks Certified Machine Learning Associate, AWS Certified Machine Learning – Specialty	Databricks Data+AI Summit 2022, GTC 2023	Python, GeoPandas, Scikit-learn, PySAL, ArcGIS, Google Cloud Platform (GCP), Kubernetes, Apache Airflow, TensorFlow, Apache Spark, Scala, Apache Kafka, Java	80
FMA	Federica Marino	Associate Consultant	Federica Marino holds an M.Sc. in Pharmaceutical Sciences and a B.Sc. in Chemistry from the University of Basel. Before joining D ONE, Federica worked as a Laboratory Scientist at Novartis for 2 years, mainly in projects around drug formulation. Her areas of expertise are data engineering and data science. Federica has been with the team since 2022.	MSc in Pharmaceutical Sciences (University of Basel), BSc in Chemistry (University of Basel)	Developed predictive models to optimize chemical compositions for new drugs. Engineered data pipelines for high-throughput screening data analysis using Airflow. Implemented a machine learning system for predicting drug stability over time.	Enhanced patient outcome prediction models for healthcare providers. Automated claims processing with AI for insurance companies. Developed risk assessment tools for construction project management. Implemented dynamic pricing algorithms for online retail platforms.	Microsoft Certified: Azure Data Engineer Associate, Databricks Certified Data Engineer Associate		Python, Apache Airflow, Databricks, Azure, Scikit-learn, Pandas, NumPy	80
DKI	Daniel Kim	Lead Consultant	Daniel Kim holds an M.Sc. in Finance and a B.Sc. in Economics from Seoul National University. Before joining D ONE, Daniel worked as a Financial Analyst at Samsung Electronics for 3 years, mainly in projects around corporate finance. His areas of expertise are data engineering and data science. Daniel has been with the team since 2019.	PhD in Financial Economics (Seoul National University), MSc in Finance (Seoul National University), BSc in Economics (Seoul National University) 	Developed forecasting models to analyze financial health and investment opportunities at Samsung. Engineered data pipelines for real-time financial reporting using Python and Airflow. Implemented a machine learning model to optimize cash flow management processes. Orchestrated the integration of economic indicators into a corporate decision-support system.	Developed AI-based asset valuation tools for finance clients. Engineered predictive models for assessing insurance claim fraud risks. Optimized algorithmic trading strategies for major financial institutions. Automated risk management systems for retail banking portfolios. Implemented customer segmentation analytics for personalized retail marketing campaigns. Designed financial health dashboards for real-time executive decision-making.	Microsoft Certified: Azure Data Scientist Associate, Databricks Certified Data Engineer Associate, GCP Professional Data Engineer	GTC 2021, GTC 2022, AMLD 2023 	Python, Apache Airflow, TensorFlow, Pandas, NumPy, Scikit-learn, Microsoft Azure, Google Cloud Platform (GCP), Databricks, Jupyter Notebook, R, SQL, Plotly, Keras 	80
ASC	Anna Schmid	Lead Consultant	Anna Schmid holds a PhD in Computer Science specializing in Artificial Intelligence from ETH Zurich. She also earned an M.Sc. in Computational Science and Engineering and a B.Sc. in Electrical Engineering. Before joining D ONE, Anna worked as a Project Manager at Siemens for 3 years, mainly in projects around automation. Her areas of expertise are data engineering and data science. Anna has been with the team since 2020.	PhD in Computer Science (ETH Zurich), MSc in Computational Science and Engineering (ETH Zurich), BSc in Electrical Engineering (Technical University of Munich)	Orchestrated data ingestion and modeling with Kubernetes and Airflow at Siemens. Developed a RESTful API and a Python module for industrial automation on Google Cloud Platform. Implemented machine learning models to enhance efficiency in manufacturing processes. Engineered predictive maintenance systems using IoT data and AI techniques. Designed and deployed a scalable analytics platform for real-time data processing.	Developed AI-driven claims processing system for major insurance client. Implemented fraud detection models for retail banking transactions. Enhanced customer data privacy with new encryption techniques. Automated financial forecasting tools for investment firms. Streamlined inventory management using predictive analytics for retailers. Created customer behavior models to boost retail marketing strategies. Engineered risk assessment algorithms for real estate financing.	Databricks Certified Data Engineer Associate, Microsoft Certified: Azure Data Scientist Associate, Professional Data Engineer, AWS Certified Data Analytics Specialty, Microsoft Certified: Power BI Data Analyst Associate 	Google Next 2021, GTC 2022, GTC 2023, AMLD 2023	Python, Kubernetes, Apache Airflow, Google Cloud Platform (GCP), TensorFlow, Scikit-learn, Pandas, NumPy, Docker, RESTful API development, Microsoft Azure, IoT platforms, Apache Kafka, Databricks, SQL, AWS (Amazon Web Services), Power BI, PyTorch, Flask, Hadoop	80
APA	Aditya Patel	Consultant	Aditya Patel holds an M.Sc. in Electrical Engineering and a B.Sc. in Electronics and Communication Engineering from the Indian Institute of Technology Bombay. Before joining D ONE, Aditya worked as a Systems Engineer at Infosys for 5 years, mainly in projects around communication systems. His areas of expertise are data engineering and data science. Aditya has been with the team since 2019.	MSc in Electrical Engineering (Indian Institute of Technology Bombay), BSc in Electronics and Communication Engineering (Indian Institute of Technology Bombay)	Led scalable data pipelines development using Apache Kafka and Spark. Designed ML models, improved data transmission efficiency by 15%. Integrated IoT data with AWS, streamlined data ingestion. Developed Python scripts, automated signal degradation analysis with TensorFlow. Prototyped AI-driven anomaly detection system, enhanced fault detection.	Developed predictive models for risk assessment in insurance sector. Implemented customer segmentation algorithms for targeted retail marketing strategies. Enhanced financial fraud detection using machine learning techniques. Streamlined data warehouses for multi-national retail clients. Automated report generation for financial clients with Python scripts. Led migration of client data to secure cloud platforms. Optimized stock level predictions using AI for retail chains.	Databricks Certified Associate Developer for Apache Spark 3.0, Microsoft Certified: Azure Data Engineer Associate, Tableau Certified Associate Consultant	GTC 2022	Apache Kafka, Apache Spark, Python, TensorFlow, AWS, Databricks, Tableau, Microsoft Azure, IoT Integration Tools, Scikit-learn, Pandas, NumPy, Matplotlib, Seaborn, PySpark	80
AHE	Armon Heini	Senior Consultant	Armon Heini holds an M.Sc. in Information Systems and a B.Sc. in Business Information Technology from the University of St. Gallen. Before joining D ONE, Armon worked as an IT Consultant at KPMG for 5 years, mainly in projects around digital transformation. His areas of expertise are data engineering and data science. Armon has been with the team since 2020.	MSc in Information Systems (University of St. Gallen), BSc in Business Information Technology (University of St. Gallen)	Orchestrated data ingestion and modeling steps with Kubernetes and Airflow for enterprise clients at KPMG. Developed a RESTful API and a Python module for a financial analytics product on Google Cloud Platform. Led the digital transformation of data systems, increasing operational efficiency by 20%. Designed and implemented a data governance framework to ensure data integrity and compliance. Increased F1-score for named entity recognition by 18% in customer feedback analysis tools. Engineered custom machine learning models to optimize marketing campaign outcomes based on consumer data. Prototyped a knowledge graph based on the analysis of legal texts with NLP and LLMs for a legal tech startup.	Optimized risk assessment models for Swiss insurance clients using AI. Developed real-time fraud detection systems for financial institutions. Implemented AI-powered personalization engines for retail client websites. Engineered data warehouses for multi-channel retail data integration.	Databricks Certified Data Engineer Associate, Microsoft Certified: Azure Data Scientist Associate, Microsoft Certified: Azure Data Engineer Associate, Professional Data Engineer, AWS Certified Data Analytics Specialty, Snowflake: SnowPro Core Certification, Tableau Certified Associate Consultant	Databricks Data+AI Summit 2023	Kubernetes, Apache Airflow, Python, Google Cloud Platform (GCP), RESTful API development, TensorFlow, Scikit-learn, Pandas, Natural Language Processing (NLP), Large Language Models (LLMs), Microsoft Azure, AWS (Amazon Web Services), Snowflake, Tableau, Databricks, SQL	80
VLU	Valentina Lutz	Consultant	Valentina Lutz holds an M.Sc. in Biotechnology and a B.Sc. in Biochemistry from the University of Geneva. Before joining D ONE, Valentina worked as a Biotechnologist at Lonza for 2 years, mainly in projects around cell therapy. Her areas of expertise are data engineering and data science. Valentina has been with the team since 2021.	MSc in Biotechnology (University of Geneva), BSc in Biochemistry (University of Geneva)	Designed and implemented automated workflows for high-throughput sequencing data. Developed a custom data pipeline for analyzing gene expression patterns. Integrated laboratory equipment data streams for real-time experimental monitoring.	Employed machine learning for predictive modeling of cell behavior. Utilized deep learning to analyze microscopy images of cell cultures. Implemented statistical algorithms for identifying biomarkers related to cell therapy. Developed clustering techniques to categorize cell populations based on characteristics. Applied natural language processing for mining scientific literature on cell therapy.	Databricks Certified Machine Learning Professional, TensorFlow Developer Certificate, Coursera Machine Learning Engineering For Production Specialization, AWS Certified Machine Learning – Specialty		Python, TensorFlow, Databricks, AWS Machine Learning, SciPy, NumPy, Pandas, Keras, PyTorch, Jupyter Notebooks	90
TLO	Tomás López	Senior Consultant	Tomás López holds an M.Sc. in Digital Marketing and a B.Sc. in Business Management from the Universidad Autónoma de Madrid. Before joining D ONE, Tomás worked as a Digital Marketing Strategist at Telefonica for 3 years, mainly in projects around online customer engagement. His areas of expertise are data engineering and data science. Tomás has been with the team since 2021.	MSc in Big Data (University of Applied Sciences and Arts Northwestern Switzerland), BSc in Software Engineering (University of Applied Sciences and Arts Northwestern Switzerland)	Implemented customer segmentation models for targeted marketing campaigns. Conducted sentiment analysis on social media data for brand perception. Developed recommendation systems for personalized product offerings.	Utilized Apache Spark for large-scale data processing and analysis. Implemented machine learning models for customer churn prediction. Developed custom dashboards using Apache Superset for data visualization. Integrated data pipelines with Salesforce CRM for marketing automation.	GCP Professional Data Engineer, Microsoft Certified: Azure Fundamentals, Professional Data Engineer, TensorFlow Developer Certificate, AWS Certified Data Analytics Specialty	GTC 2023 	Apache Spark, TensorFlow, Apache Superset, Salesforce CRM, Python, scikit-learn, NLTK, Google Cloud Platform (GCP), Azure	90
SLE	Sarah Leroy	Associate Consultant	Sarah Leroy holds an M.Sc. in Financial Engineering and a B.Sc. in Finance from the University of Bologna. Before joining D ONE, Sarah worked as a Risk Manager at Intesa Sanpaolo for 5 years, mainly in projects around credit risk analysis. Her areas of expertise are data engineering and data science. Sarah has been with the team since 2021.	MSc in Financial Engineering (University of Bologna), BSc in Finance (University of Bologna)	Implemented predictive credit risk models using Python and scikit-learn. Analyzed market trends and credit risk exposure with Tableau dashboards. Conducted Monte Carlo simulations for financial stress testing scenarios. Developed automated risk reporting pipelines with Apache Airflow and Python. Utilized TensorFlow for building deep learning models for fraud detection. Visualized credit portfolio performance using Power BI for stakeholders.	Created interactive Power BI dashboards for healthcare patient analytics. Implemented Power BI reports for insurance claims data visualization. Developed Power BI solutions for Banque Suisse transaction analysis and forecasting. Designed Power BI dashboards for retail sales performance monitoring.	Microsoft Certified: Power BI Data Analyst Associate, Exam DA-100: Analyzing Data with Microsoft Power BI		Python, scikit-learn, Tableau, Apache Airflow, TensorFlow, Power BI, Microsoft Excel	100
PBI	Paolo Bianchi	Senior Consultant	Paolo Bianchi holds an M.Sc. in Aerospace Engineering and a B.Sc. in Physics from the University of Pisa. Before joining D ONE, Paolo worked as an Aerodynamics Engineer at Leonardo S.p.A. for 4 years, mainly in projects around flight simulation. His areas of expertise are data engineering and data science. Paolo has been with the team since 2019.	MSc in Aerospace Engineering (ETH Zurich), MSc in Aerospace Engineering (University of Pisa), BSc in Physics (University of Pisa)	Conducted airflow analysis using computational fluid dynamics (CFD) simulations. Developed a Python-based tool for aerodynamic performance prediction. Applied machine learning algorithms for predicting flight stability characteristics. Utilized MATLAB for analyzing flight data and optimizing aerodynamic designs.	Implemented data pipelines on Databricks for real-time healthcare analytics. Leveraged Palantir Foundry for integrating insurance claims data across platforms. Conducted sentiment analysis on banking customer feedback using Databricks. Employed Palantir Gotham for anomaly detection in retail supply chains.	Databricks Certified Associate Developer for Apache Spark 3.0, Databricks Certified Data Engineer Associated, Databricks Certified Machine Learning Associate, Databricks Certified Data Engineer Associate, Palantir Foundry Data Engineer Associate, GCP Professional Data Engineer		CFD software, Python, Scikit-learn, MATLAB, NumPy, Pandas, Databricks, Apache Spark, Palantir Foundry, Palantir Gotham, TensorFlow, Apache Airflow, Jupyter Notebook, Google Cloud Platform (GCP), Microsoft Azure	100
OIV	Olga Ivanova	Consultant	Olga Ivanova holds an M.Sc. in Organizational Psychology and a B.Sc. in Psychology from Lomonosov Moscow State University. Before joining D ONE, Olga worked as an HR Analyst at Yandex for 2 years, mainly in projects around talent management. Her areas of expertise are data engineering and data science. Olga has been with the team since 2021.	MSc in Organizational Psychology (Lomonosov Moscow State University), BSc in Psychology (Lomonosov Moscow State University)	Developed sentiment analysis models for employee feedback using natural language processing. Implemented HR analytics dashboards for talent acquisition and performance tracking. Utilized machine learning for predicting employee turnover and retention strategies.	Implemented blockchain-based supply chain tracking for pharmaceutical clients. Deployed IoT sensors for real-time monitoring in construction projects. Developed AI-driven chatbots for customer service in banking sector. Integrated virtual reality solutions for immersive training in mechanical engineering. Utilized geospatial analytics for location-based marketing strategies in retail.	Professional Scrum Master™ I (PSM I), Leading SAFe / SAFe Agilist		Python, NLTK, TensorFlow, Tableau, Scikit-learn, HRIS (Human Resource Information System), Blockchain technology, IoT platforms	100
MHA	Mohamed Hassan	Senior Consultant	Mohamed Hassan holds an M.Sc. in Electrical and Computer Engineering and a B.Sc. in Computer Science from Cairo University. Before joining D ONE, Mohamed worked as a Network Engineer at Vodafone Egypt for 5 years, mainly in projects around telecommunications networks. His areas of expertise are data engineering and data science. Mohamed has been with the team since 2020.	MSc in Electrical and Computer Engineering (Cairo University), BSc in Computer Science (Cairo University)	Configured data pipelines using AWS Glue for automated data ingestion. Developed a microservices-based API on AWS Lambda with Python. Conducted network traffic analysis using Wireshark for network optimization. Utilized AWS CloudFormation for infrastructure as code (IaC) deployments. Implemented AWS Direct Connect for secure and reliable network connectivity.	Automated data processing pipelines using Apache Airflow and Kubernetes. Designed and implemented RESTful APIs using Flask and Django frameworks. Conducted predictive analytics using Python's scikit-learn and TensorFlow libraries. Deployed data lakes on AWS S3 for scalable data storage. Implemented real-time streaming analytics using Apache Kafka and Apache Flink. Utilized Docker and Kubernetes for containerization and orchestration of applications. Developed custom ETL solutions using Apache Spark and PySpark.	Databricks Certified Associate Developer for Apache Spark 3.0, AWS Certified Solutions Architect – Associate, Professional Data Engineer, TensorFlow Developer Certificate	GTC 2021, SDS 2021	RabbitMQ, Apache Cassandra, Elasticsearch, Kibana, Logstash, Google BigQuery, Microsoft Azure HDInsight, Redshift, Oracle Cloud Infrastructure, SaltStack, Hadoop HDFS, Splunk, Sqoop, Grafana, Redis, Celery, Thrift, Apache HBase	100
MGA	Maria García	Lead Consultant	Maria García holds an M.Sc. in Computational Chemistry and a B.Sc. in Chemical Engineering from the University of Barcelona. Before joining D ONE, Maria worked as a Chemical Analyst at Grifols for 3 years, mainly in projects around plasma-derived medicines. Her areas of expertise are data engineering and data science. Maria has been with the team since 2020.	PhD in Chemoinformatics (University of Zurich), MSc in Computational Chemistry (University of Barcelona), BSc in Chemical Engineering (University of Barcelona)	Analyzed chemical reaction kinetics using Python libraries like NumPy and SciPy. Developed predictive models for product yield optimization with TensorFlow.	Designed and implemented data pipelines with Python, Apache Spark. Developed scalable RESTful APIs using Flask framework in Python. Conducted exploratory data analysis and visualization using Matplotlib, Seaborn. Engineered machine learning models with Scikit-learn, TensorFlow for predictive analytics. Deployed interactive dashboards with Tableau for data visualization.	Databricks Certified Associate Developer for Apache Spark 3.0, TensorFlow Developer Certificate, Tableau Certified Associate Consultant, Professional Scrum Master™ I (PSM I), Leading SAFe / SAFe Agilist, IMD Leadership essentials	SDS 2022, GTC 2023	Pandas, Apache Kafka, RDKit, Open Babel, Jupyter Notebook, Dask, PyTorch, Dash, Django, SQLAlchemy, MongoDB, Elasticsearch, RabbitMQ, Docker Compose, Keras, Git, Apache Hadoop, Microsoft Power BI, Google BigQuery, Apache Cassandra, Neo4j, Google Colab, Plotly Express, Azure Data Factory, PostgreSQL	100
MCO	Madlaina Coray	Consultant	Madlaina Coray holds an M.Sc. in Environmental Engineering and a B.Sc. in Civil Engineering from the Swiss Federal Institute of Technology in Zurich (ETH Zurich). Before joining D ONE, Madlaina worked as an Environmental Analyst at the Federal Office for the Environment for 4 years, mainly in projects around water resource management. Her areas of expertise are data engineering and data science. Madlaina has been with the team since 2018.	MSc in Environmental Engineering (ETH Zurich), BSc in Civil Engineering (ETH Zurich)	Managed data processing pipelines with Apache Beam for environmental datasets. Developed a web-based dashboard using Plotly for visualizing water quality metrics. Conducted predictive modeling on water contamination trends using TensorFlow. Integrated geospatial analysis tools like GeoPandas for spatial data processing. Employed Apache NiFi for real-time data ingestion and monitoring in environmental monitoring projects.	Designed scalable data pipelines on AWS using AWS Glue. Built custom data lakes on Azure using Azure Data Lake Storage. Implemented real-time analytics solutions with Apache Kafka on GCP. Deployed containerized applications on Kubernetes clusters across multiple clouds. Leveraged Apache Spark for large-scale data processing and analytics. Utilized Terraform for infrastructure as code across multi-cloud environments. Integrated CI/CD pipelines with Jenkins for automated deployment and testing.	AWS Certified Solutions Architect – Associate, Microsoft Certified: Azure Data Engineer Associate, GCP Professional Data Engineer, Databricks Certified Associate Developer for Apache Spark 3.0		Apache Beam, Plotly, TensorFlow, GeoPandas, Apache NiFi, AWS Glue, Azure Data Lake Storage, Google Cloud Platform (GCP), Kubernetes, Terraform, Jenkins, Python, R, SQL, Docker	100
LVO	Lara Vogel	Consultant	Lara Vogel holds an M.Sc. in Electrical Engineering and a B.Sc. in Physics from ETH Zurich. Before joining D ONE, Lara worked as an Electrical Engineer at ABB for 4 years, mainly in projects around renewable energy systems. Her areas of expertise are data engineering and data science. Lara has been with the team since 2020.	MSc in Electrical Engineering (ETH Zurich), BSc in Physics (ETH Zurich)	Automated renewable energy forecasting model using Apache Spark and PySpark. Engineered anomaly detection system for energy grids with Python and scikit-learn. Conducted predictive maintenance analysis on wind turbines using R and TensorFlow. Developed fault detection algorithm for solar panels with PyTorch.	Implemented customer churn prediction model using Python and scikit-learn. Built real-time fraud detection system with Apache Kafka and TensorFlow. Developed personalized recommendation engine using Apache Spark and PySpark. Conducted sentiment analysis on social media data with Natural Language Toolkit (NLTK) in Python. Engineered data pipeline for IoT sensor data processing with Apache NiFi.	Databricks Certified Associate Developer for Apache Spark 3.0, TensorFlow Developer Certificate, Professional Data Engineer		Apache Spark, PySpark, Python, scikit-learn, R, TensorFlow, PyTorch, Apache Kafka, Natural Language Toolkit (NLTK), Apache NiFi, Pandas, NumPy, Matplotlib, Seaborn, Jupyter Notebook	100
LNA	Livio Nay	Consultant	Livio Nay holds an M.Sc. in Quantum Computing and a B.Sc. in Physics from ETH Zurich. Before joining D ONE, Livio worked as a Research Assistant at IBM Research Zurich for 2 years, mainly in projects around quantum algorithms. His areas of expertise are data engineering and data science. Livio has been with the team since 2019.	MSc in Quantum Computing (ETH Zurich), BSc in Physics (ETH Zurich)	Implemented anomaly detection algorithms using PyTorch and TensorFlow. Conducted sentiment analysis on customer reviews using NLTK and spaCy. Developed a recommendation system using collaborative filtering in Apache Spark.	Designed data pipelines with Apache Kafka and Apache NiFi. Implemented machine learning models with Python and scikit-learn. Developed RESTful APIs with Flask for healthcare data integration. Conducted data analysis using SQL and Apache Spark for banking. Built predictive models using R and TensorFlow for insurance clients.	Tableau Partner Sales Accreditation Exam, Certified SNYPR Content Developer		Python, PyTorch, TensorFlow, NLTK (Natural Language Toolkit), spaCy, Apache Spark, Apache Kafka, Apache NiFi, scikit-learn, Flask, SQL, R	100
LDU	Lucas Dupont	Consultant	Lucas holds an M.Sc. in Data Analytics and a B.Sc. in Applied Mathematics. Before joining D ONE, Lucas worked as a Quantitative Analyst at Credit Suisse for 5 years, mainly in projects around risk management. His areas of expertise are data engineering and data science. Lucas has been with the team since 2018.	MSc in Data Analytics (École Polytechnique), BSc in Applied Mathematics (Paris-Sud University)	Orchestrated data pipelines with Apache Kafka and Apache NiFi. Developed a real-time dashboard using Tableau for risk monitoring. Conducted Monte Carlo simulations for risk assessment using MATLAB. Utilized Jupyter Notebook with Pandas for exploratory data analysis. Implemented sentiment analysis using NLTK for customer feedback analysis. Created interactive data visualizations with Plotly for risk reporting.	Designed and implemented data pipelines using Apache Spark and Kafka. Developed a customer segmentation model using Python with scikit-learn. Conducted predictive analytics using R programming language for insurance claims. Built a recommendation engine using TensorFlow for retail clients. Implemented anomaly detection algorithms with Python and TensorFlow for healthcare.	Databricks Certified Associate Developer for Apache Spark 3.0		Apache Kafka, Apache NiFi, Tableau, MATLAB, Jupyter Notebook, Pandas, NLTK, Plotly, Apache Spark, Python, TensorFlow	100
JBE	Julia Beck	Consultant	Julia Beck holds an M.Sc. in Data Engineering and a B.Sc. in Computer Engineering. Before joining D ONE, Julia worked as a Systems Engineer at ABB for 2 years, mainly in projects around energy systems. Her areas of expertise are data engineering and data science. Julia has been with the team since 2021.	PhD in Applied Data Science (Karlsruhe Institute of Technology), MSc in Data Engineering (Karlsruhe Institute of Technology), BSc in Computer Engineering (ETH Zurich)	Orchestrated the deployment of a scalable data lake for energy system telemetry data using Apache Spark and AWS Glue. Developed a real-time monitoring RESTful API and Python module for energy system performance analysis on Google Cloud Platform, enabling proactive maintenance and optimization.	Engineered AI-driven patient diagnosis system on AWS for healthcare. Implemented fraud detection algorithms for banking using Apache Kafka. Developed real-time inventory management solution for retail on Google Cloud. Orchestrated predictive maintenance platform for manufacturing on Azure IoT.	IMD Leadership essentials, Scrum Master 		Apache Spark, AWS Glue, Python, Google Cloud Platform (GCP), RESTful API, AWS, Apache Kafka, Azure IoT, JIRA, Trello	100
GRE	Gian Reto	Consultant	Gian Reto holds an M.Sc. in Industrial Engineering and a B.Sc. in Mechanical Engineering from the Swiss Federal Institute of Technology in Lausanne (EPFL). Before joining D ONE, Gian worked as a Process Engineer at Swatch for 3 years, mainly in projects around manufacturing optimization. His areas of expertise are data engineering and data science. Gian has been with the team since 2019.	MSc in Industrial Engineering (Swiss Federal Institute of Technology in Lausanne), BSc in Mechanical Engineering (Swiss Federal Institute of Technology in Lausanne)	Developed a real-time monitoring system for manufacturing processes using Kafka and Spark on AWS to enhance production efficiency. Engineered a machine learning model to predict equipment failures, deployed on Google Cloud, reducing downtime by 20%. Implemented a data pipeline for quality control analytics using Airflow and PostgreSQL, significantly improving defect detection rates. Orchestrated a cloud-based data warehousing solution using Snowflake to centralize operational data for advanced analytics.	Engineered a scalable healthcare analytics platform on Azure, improving patient outcomes. Developed an insurance risk assessment model using AI on AWS. Implemented a secure, cloud-based payment gateway for a Swiss bank with Kubernetes. Automated supply chain processes for GlobalBind Technologies. Created a predictive maintenance framework for engineering firms on Azure IoT.	Professional Data Engineer, Microsoft Certified: Azure Solutions Architect Expert, GCP Professional Data Engineer		Apache Kafka, Apache Spark, AWS (Amazon Web Services), Google Cloud Platform, Airflow, PostgreSQL, Snowflake, Azure IoT, Kubernetes	100
FME	Felix Meyer	Consultant	Felix Meyer holds an M.Sc. in Machine Learning and a B.Sc. in Statistics. Before joining D ONE, Felix worked as a BI Consultant at Deloitte for 5 years, mainly in projects around business intelligence. His areas of expertise are data engineering and data science. Felix has been with the team since 2018.	MSc in Machine Learning (Technical University of Berlin), BSc in Statistics (ETH Zurich)	Orchestrated the deployment of a scalable data lake using Kubernetes and Airflow for client data consolidation. Developed a RESTful API to facilitate real-time business analytics reporting on Google Cloud Platform. Engineered a Python module to automate financial forecasting and trend analysis for multinational corporations. Implemented a machine learning algorithm to increase prediction accuracy of consumer behavior by 20%. Led a data-driven optimization project to enhance supply chain logistics, reducing operational costs by 15%. Prototyped an advanced customer segmentation tool using NLP techniques to improve marketing strategies. Directed the creation of a real-time analytics dashboard for executive decision-making, enhancing KPI visibility.	Implemented AI diagnostics for early disease detection in healthcare. Developed predictive models for customer lifetime value in insurance. Engineered fraud detection systems using AI for retail banking. Automated demand forecasting for retail chains using machine learning. Optimized drug development timelines with predictive analytics in pharma. Streamlined project cost estimation using AI in construction. Enhanced equipment failure prediction in mechanical engineering with IoT data.	Microsoft Certified: Azure Data Engineer Associate, Microsoft Certified: Azure Data Scientist Associate, Microsoft Certified: Azure AI Fundamentals, Microsoft Certified: Azure Fundamentals	BioTechX 2020, GTC 2023	Python, Kubernetes, Apache Airflow, Google Cloud Platform, Pandas, NumPy, Scikit-learn, TensorFlow, Microsoft Power BI, Tableau, SQL, Natural Language Processing (NLP) tools, Docker	100
FCA	Flurin Caduff	Managing Consultant	Flurin Caduff holds an M.Sc. in Cybersecurity and a B.Sc. in Computer Science from the University of Zurich. Before joining D ONE, Flurin worked as a Security Analyst at Swiss Federal Railways for 2 years, mainly in projects around information security. His areas of expertise are data engineering and data science. Flurin has been with the team since 2021.	PhD in Cybersecurity (University of Zurich), MSc in Cybersecurity (University of Zurich), BSc in Computer Science (University of Zurich)	Developed a cybersecurity incident prediction model using machine learning techniques. Engineered a data pipeline for real-time threat detection and analysis using Airflow. Implemented a RESTful API for an internal security dashboard on Google Cloud Platform.	Enhanced healthcare data interoperability with AWS-based data lakes. Implemented real-time claims analysis using Azure Stream Analytics in insurance. Developed a secure banking transaction monitoring system on Google Cloud. Optimized retail inventory through machine learning models on Snowflake. Engineered predictive maintenance tools for construction using IoT on Azure.	Professional Data Engineer, Professional Scrum Master™ I (PSM I), Microsoft Certified: Azure Solutions Architect Expert, AWS Certified Machine Learning, GCP Professional Cloud Architect	GTC 2021, GTC 2022, GTC 2023	Python, Apache Airflow, TensorFlow, Google Cloud Platform, RESTful API development, Amazon Web Services (AWS), Azure Stream Analytics, Snowflake, Azure IoT Hub, Scikit-learn, Pandas, NumPy, Jupyter, Kubernetes, Docker, SQL, PySpark, MLlib (Spark), Git, PostgreSQL	100
ESC	Emma Schneider	Lead Consultant	Emma Schneider holds an M.Sc. in Artificial Intelligence and a B.Sc. in Mathematics. Before joining D ONE, Emma worked as a Data Scientist at Roche for 3 years, mainly in projects around pharmaceuticals. Her areas of expertise are data engineering and data science. Emma has been with the team since 2022.	MSc in Artificial Intelligence (Technical University of Munich), BSc in Mathematics (University of Heidelberg)	Developed a machine learning model to optimize drug formulation processes at Roche. Engineered data pipelines for large-scale genomic data analysis using Kubernetes. Implemented a predictive analytics system for clinical trial success rates. Orchestrated a cloud-based platform for real-time pharmaceutical data analysis on AWS.	Developed AI-driven diagnostic tools for early cancer detection. Implemented machine learning for personalized insurance premium calculations. Enhanced fraud detection systems for banking using deep learning. Automated supply chain optimization for retail clients with AI. Engineered predictive analytics for drug efficacy in clinical trials. Optimized resource allocation models in construction management. Designed real-time monitoring systems for mechanical equipment health.	TensorFlow Developer Certificate, Dataiku ML Practitioner, Certified Data Vault 2.0 Practitioner, Neo4j Certified Professional, Databricks Certified Associate developer for Apache Spark 3.0 - Python	ICLR 2021, ICML 2022, Google Next 2023	TensorFlow, Python, Kubernetes, AWS, Neo4j, Dataiku DSS, Apache Spark, Scikit-learn, Pandas, NumPy, Keras, PyTorch, Docker, Jupyter, Matplotlib	100
CSA	Carlos Sánchez	Associate Consultant	Carlos Sánchez holds an M.Sc. in Renewable Energy and a B.Sc. in Electrical Engineering from the Technical University of Madrid. Before joining D ONE, Carlos worked as an Energy Analyst at Iberdrola for 3 years, mainly in projects around sustainable energy solutions. His areas of expertise are data engineering and data science. Carlos has been with the team since 2020.	MSc in Renewable Energy (Technical University of Madrid), BSc in Electrical Engineering (Technical University of Madrid)	Orchestrated data modeling for solar energy yield prediction using Python and Airflow. Developed analytics for optimizing grid distribution and load balancing with ML models. Engineered data ingestion pipelines to support real-time monitoring of wind farms. Implemented a data-driven decision support system to enhance energy efficiency measures.	Developed risk assessment models for climate-related insurance claims. Automated trading algorithms for Swiss finance firms using machine learning. Optimized supply chain analytics for retail clients with AI. Implemented real-time fraud detection systems for major banking clients. Engineered customer sentiment analysis tools for retail market research. Designed energy consumption prediction models for financial portfolio management. Enhanced data security protocols for sensitive financial data transactions.	Microsoft Certified: Azure Data Scientist Associate, Databricks Certified Data Engineer Associate, AWS Certified Machine Learning		Python, Apache Airflow, Microsoft Azure, Databricks, Amazon Web Services (AWS), Scikit-learn, TensorFlow, Pandas, Jupyter Notebook	100
ASO	Anina Solèr	Consultant	Anina Solèr holds an M.Sc. in Environmental Sciences and a B.Sc. in Earth Sciences from the University of Zurich. Before joining D ONE, Anina worked as an Environmental Consultant at ERM for 3 years, mainly in projects around sustainability. Her areas of expertise are data engineering and data science. Anina has been with the team since 2021.	MSc in Environmental Sciences (University of Zurich), BSc in Earth Sciences (University of Zurich)	Developed predictive models for environmental impact assessments at ERM. Orchestrated data ingestion and modeling for sustainability projects using Python. Implemented a GIS-based analysis system for natural resource management. Engineered machine learning algorithms to optimize waste reduction strategies.	Developed environmental risk models for insurance underwriting processes. Enhanced retail sustainability practices using data-driven analytics. Streamlined energy consumption data analysis for financial clients.	Microsoft Certified: Azure Data Scientist Associate, Databricks Certified Data Engineer Associate, GCP Professional Data Engineer		Python, R, GIS (Geographic Information Systems), TensorFlow, Scikit-learn, Pandas, NumPy, Microsoft Azure, Databricks, Google Cloud Platform (GCP), SQL QGIS	100
APE	Alexander Petrov	Consultant	Alexander Petrov holds an M.Sc. in Business Analytics and a B.Sc. in Business Administration from the Higher School of Economics, Moscow. Before joining D ONE, Alexander worked as a Business Analyst at Gazprom for 3 years, mainly in projects around energy trading. His areas of expertise are data engineering and data science. Alexander has been with the team since 2021.	MSc in Business Analytics (Higher School of Economics, Moscow), BSc in Business Administration (Higher School of Economics, Moscow)	Developed data-driven strategies for optimizing energy trading at Gazprom. Implemented machine learning models to forecast energy prices accurately. Engineered a scalable data platform using AWS for market analysis.	Optimized claims processing using AI for major insurance clients. Designed financial models to predict stock trends for investors. Automated customer data integration for enhanced retail analytics. Developed fraud detection algorithms for banking institutions.	Microsoft Certified: Azure Data Scientist Associate, Databricks Certified Data Engineer Associate	GTC 2023	AWS (Amazon Web Services), Azure, Databricks, Python, Scikit-learn, TensorFlow, Pandas, NumPy, Matplotlib, SQL, Apache Spark, Power BI, MLlib (Spark's Machine Learning Library)	100